Model name,AVG BLEU score,AVG ROUGE-2 score
ALBERT,0.7115132847411916,0.7779167855268968
BERT,0.40400631055135044,0.37347417840375585
T5,0.5055989004420306,0.6029308566806322
